id,grupo,imagem,briefing,origem,onde_buscar,termo_de_busca,proporcao,paginas,alt_nas_paginas,observacao,responsavel,status,arquivo_entregue
I01,Ilustrações,Mapa da rota Aeroporto do Recife → Porto de Galinhas,"Mapa ilustrado com a rota pelo litoral sul e as praias vizinhas (Muro Alto, Maracaípe, Carneiros). Arte própria, sem marca de terceiros.",Ilustração,Design (arte própria),,4:5,/aluguel-de-carros/porto-de-galinhas,"Mapa da rota entre o Aeroporto do Recife e Porto de Galinhas, pelo litoral sul de Pernambuco",G4. Não usar print de Google Maps ou Waze.,,a providenciar,
I02,Ilustrações,Mapa da rota Aeroporto do Recife → Maragogi,"Mapa ilustrado pelo litoral sul de PE e norte de AL, com Porto de Galinhas e Carneiros marcados.",Ilustração,Design (arte própria),,4:5,/aluguel-de-carros/maragogi,Mapa da rota entre o Aeroporto do Recife e Maragogi pelo litoral sul de Pernambuco e norte de Alagoas,G4.,,a providenciar,
I03,Ilustrações,Mapa da rota Aeroporto de Fortaleza → Jijoca de Jericoacoara,"Mapa ilustrado até Jijoca pelo asfalto, com o trecho final até a vila marcado como ""transporte local"".",Ilustração,Design (arte própria),,definida pelo layout,/aluguel-de-carros/jericoacoara,,G4. Hoje a página usa a foto da estrada (C11) no lugar; o mapa entra quando existir.,,a providenciar,
X01,Gerada pelo sistema,QR Code do Pix,Gerado pelo gateway de pagamento na confirmação.,Sistema,Não providenciar,,definida pelo layout,/reservas-online/confirmacao,,Sai do gateway (F11).,,não se aplica,
F01,Frota: ensaio padrão dos 15 grupos,Fiat Mobi (grupo A),"3/4 dianteiro, mesmo ângulo e altura de câmera para os 15 carros, no pátio, fundo neutro, carro lavado, rodas alinhadas, placa ilegível.",Própria,,,16:9,/reservas-online /reservas-online/adicionais /aluguel-de-carros/olinda /aluguel-de-carros/recife /frota/hatch-economico,Fiat Mobi no pátio da Asa,"Usada na vitrine, na frota e nas praças.",,a providenciar,
F02,Frota: ensaio padrão dos 15 grupos,Hyundai HB20 1.0 (grupo B),Mesmo padrão do ensaio.,Própria,,,"16:10, 16:9",/reservas-online /reservas-online/adicionais /aluguel-de-carros/aeroporto-recife /aluguel-de-carros/fortaleza /frota/hatch-economico /,Hyundai HB20 no pátio da Asa,,,a providenciar,
F03,Frota: ensaio padrão dos 15 grupos,Chevrolet Onix hatch 1.0 (grupo B+),Mesmo padrão do ensaio.,Própria,,,"16:10, 16:9",/reservas-online /reservas-online/adicionais /aluguel-de-carros/aeroporto-fortaleza /frota/hatch-economico /frota,Chevrolet Onix hatch no pátio da Asa,,,a providenciar,
F04,Frota: ensaio padrão dos 15 grupos,Chevrolet Onix Plus 1.0 sedã (grupo C+),Mesmo padrão do ensaio.,Própria,,,"16:10, 16:9",/reservas-online /reservas-online/adicionais /frota /frota/sedan /,Chevrolet Onix Plus sedã no pátio da Asa,,,a providenciar,
F05,Frota: ensaio padrão dos 15 grupos,Citroën C3 Live Pack 1.6 automático (grupo D),Mesmo padrão do ensaio.,Própria,,,"16:10, 16:9",/reservas-online /reservas-online/adicionais /aluguel-de-carros/aeroporto-fortaleza /aluguel-de-carros/olinda /frota/automatico /,Citroën C3 automático no pátio da Asa,,,a providenciar,
F06,Frota: ensaio padrão dos 15 grupos,Chevrolet Onix 1.0 Turbo automático (grupo D+),Mesmo padrão do ensaio.,Própria,,,16:9,/reservas-online /reservas-online/adicionais /aluguel-de-carros/aeroporto-recife /aluguel-de-carros/porto-de-galinhas /aluguel-de-carros/recife /frota/automatico,Chevrolet Onix Turbo automático no pátio da Asa,,,a providenciar,
F07,Frota: ensaio padrão dos 15 grupos,Chevrolet Onix Plus 1.0 Turbo automático (grupo E+),Mesmo padrão do ensaio.,Própria,,,16:9,/reservas-online /reservas-online/adicionais /aluguel-de-carros/maragogi /frota/automatico /frota/sedan,Chevrolet Onix Plus Turbo sedã no pátio da Asa,,,a providenciar,
F08,Frota: ensaio padrão dos 15 grupos,"Chevrolet Spin 1.8, 7 lugares (grupo F+)",Mesmo padrão do ensaio.,Própria,,,16:10,/reservas-online /reservas-online/adicionais /,"Chevrolet Spin, carro de 7 lugares da frota Asa",,,a providenciar,
F09,Frota: ensaio padrão dos 15 grupos,Chevrolet Tracker 1.0 Turbo (grupo G+),Mesmo padrão do ensaio.,Própria,,,"16:10, 16:9",/reservas-online /reservas-online/adicionais /aluguel-de-carros/aeroporto-recife /aluguel-de-carros/fortaleza /aluguel-de-carros/jericoacoara /aluguel-de-carros/maragogi /aluguel-de-carros/olinda /aluguel-de-carros/porto-de-galinhas /aluguel-de-carros/recife /frota/automatico /frota/suv /,Chevrolet Tracker no pátio da Asa,,,a providenciar,
F10,Frota: ensaio padrão dos 15 grupos,"Fiat Strada 1.3, 2 lugares (grupo H)","Mesmo padrão do ensaio, com a caçamba visível.",Própria,,,16:9,/reservas-online /reservas-online/adicionais /frota/picape,Fiat Strada de 2 lugares no pátio da Asa,,,a providenciar,
F11,Frota: ensaio padrão dos 15 grupos,"Jeep Commander 1.3, 7 lugares (grupo I+)",Mesmo padrão do ensaio.,Própria,,,16:9,/reservas-online /reservas-online/adicionais /aluguel-de-carros/jericoacoara /frota/7-lugares /frota/automatico /frota/suv,Jeep Commander de 7 lugares no pátio da Asa,,,a providenciar,
F12,Frota: ensaio padrão dos 15 grupos,Jeep Compass 1.3 (grupo J+),Mesmo padrão do ensaio.,Própria,,,16:10,/reservas-online /reservas-online/adicionais /frota,Jeep Compass branco no pátio da Asa,,,a providenciar,
F13,Frota: ensaio padrão dos 15 grupos,Toyota Corolla 2.0 (grupo N+),Mesmo padrão do ensaio.,Própria,,,definida pelo layout,/reservas-online /reservas-online/adicionais,,Hoje só aparece na vitrine; a foto de porta-malas (D02) cobre as outras páginas.,,a providenciar,
F14,Frota: ensaio padrão dos 15 grupos,Fiat Toro 2.0 4x4 (grupo O+),Mesmo padrão do ensaio.,Própria,,,16:10,/reservas-online /reservas-online/adicionais /,"Fiat Toro, picape 4x4 da frota Asa",,,a providenciar,
F15,Frota: ensaio padrão dos 15 grupos,Chevrolet S10 2.8 4x4 cabine dupla (grupo P+),Mesmo padrão do ensaio.,Própria,,,definida pelo layout,/reservas-online /reservas-online/adicionais,,Hoje só aparece na vitrine; a foto da caçamba (D04) cobre as outras páginas.,,a providenciar,
D01,Frota: detalhes e uso,Spin com as portas abertas e a 3ª fileira à mostra,"No pátio, portas abertas, a terceira fileira de bancos visível e montada.",Própria,,,"16:10, 16:9",/aluguel-de-carros/aeroporto-fortaleza /aluguel-de-carros/fortaleza /aluguel-de-carros/maragogi /aluguel-de-carros/porto-de-galinhas /frota/7-lugares /frota/automatico /frota,Chevrolet Spin de 7 lugares no pátio da Asa,,,a providenciar,
D02,Frota: detalhes e uso,Corolla com o porta-malas aberto e duas malas,"No pátio, porta-malas aberto com duas malas grandes dentro.",Própria,,,16:9,/frota/automatico /frota/sedan,Toyota Corolla com o porta-malas aberto e duas malas no pátio da Asa,,,a providenciar,
D03,Frota: detalhes e uso,"Toro 4x4, 3/4 traseiro com a caçamba","No pátio, caçamba vazia e à mostra.",Própria,,,"16:10, 16:9",/aluguel-de-carros/jericoacoara /frota/automatico /frota /frota/picape,Fiat Toro 4x4 com a caçamba à mostra no pátio da Asa,,,a providenciar,
D04,Frota: detalhes e uso,"S10 cabine dupla, 3/4 traseiro com a caçamba vazia",No pátio do aeroporto.,Própria,,,16:9,/frota/automatico /frota/picape,Chevrolet S10 cabine dupla com a caçamba à mostra no pátio da Asa,,,a providenciar,
D05,Frota: detalhes e uso,Câmbio automático do Tracker,Detalhe do painel e da alavanca do câmbio automático.,Própria,,,16:10,/frota,Painel de câmbio automático de um Chevrolet Tracker,,,a providenciar,
D06,Frota: detalhes e uso,Compass saindo do pátio,"Vista lateral, carro em movimento saindo do pátio do aeroporto, céu aberto.",Própria,,,16:9,/frota/automatico /frota/suv,Jeep Compass branco saindo do pátio da Asa no aeroporto,,,a providenciar,
D07,Frota: detalhes e uso,Caçamba com prancha e bicicleta,"Prancha e bicicleta presas na caçamba de uma picape da frota, em estacionamento asfaltado de praia.",Própria,,,16:10,/frota/picape,Prancha e bicicleta presas na caçamba de uma picape,Nada de areia (D12).,,a providenciar,
P01,Pátio e retirada,Carro saindo do pátio do Aeroporto do Recife (abertura da home),"Carro da frota saindo do pátio dentro do aeroporto, com pessoas reais. É a maior imagem da home (LCP): entregar em alta.",Própria,,,16:10,/frota/automatico /,Carro da Asa saindo do pátio do Aeroporto do Recife,Autorização de imagem das pessoas e da administradora do aeroporto.,,a providenciar,
P02,Pátio e retirada,Frota alinhada no pátio,"Sedãs, SUVs e a Spin alinhados no pátio do Aeroporto do Recife, prontos para a retirada, placas ilegíveis.",Própria,,,"4:3, 4:5",/empresas /ofertas/carnaval /ofertas/primeira-locacao /quem-somos,Carros sedã e SUV da frota Asa alinhados no pátio,"Uma foto boa atende Empresas, Quem somos, Primeira locação e Carnaval.",,a providenciar,
P03,Pátio e retirada,"Um carro da frota no pátio, pronto para a retirada","Onix Plus ou Tracker no pátio de Recife, luz de fim de tarde; sem pessoas ou com colaborador autorizado entregando a chave. Fazer também uma versão com a Spin e uma com o Commander.",Própria,,,"16:9, 4:3, 4:5",/aluguel-mensal /ofertas/carnaval /ofertas/sao-joao,"Chevrolet Onix Plus prata no pátio da Asa, dentro do Aeroporto do Recife",,,a providenciar,
P04,Pátio e retirada,Família com malas ao lado da Spin,Família com malas ao lado de uma Spin no pátio do Aeroporto do Recife.,Própria,,,16:10,/frota/7-lugares,Família com malas ao lado de uma Spin no pátio do Aeroporto do Recife,Autorização de imagem (modelos ou clientes).,,a providenciar,
P05,Pátio e retirada,Gestor de frota conferindo um sedã,Profissional conferindo um sedã da frota no pátio.,Própria,,,4:5,/empresas,Gestor de frota confere um carro da Asa no pátio,Autorização de imagem.,,a providenciar,
B01,"Balcões, equipe e atendimento","Balcão do Portão A5, Aeroporto do Recife",O balcão com a sinalização da Asa legível; uma versão vazia e uma com a equipe.,Própria,,,16:10,/aluguel-de-carros/recife /contato /frota/hatch-economico /frota / /lojas,Balcão da Asa no Portão A5 de Desembarque do Aeroporto do Recife,Autorização da administradora do aeroporto e da equipe.,,a providenciar,
B02,"Balcões, equipe e atendimento","Atendente recebendo cliente com mala, Portão A5","Luz do saguão, atendente da Asa recebendo um cliente com mala. Arquivo: balcao-asa-aeroporto-recife-portao-a5.jpg",Própria,,,4:5,/aluguel-de-carros/aeroporto-recife,"Balcão da Asa Rent a Car no Portão A5 do desembarque do Aeroporto do Recife, com atendente recebendo um cliente",Autorização do colaborador e do cliente.,,a providenciar,
B03,"Balcões, equipe e atendimento","Balcão da Área de Locadoras, Aeroporto de Fortaleza",O balcão com a sinalização da Asa legível; uma versão vazia e uma com a equipe.,Própria,,,16:10,/aluguel-de-carros/fortaleza /contato /frota/hatch-economico /frota /frota/suv / /lojas,Balcão da Asa na Área de Locadoras do Aeroporto de Fortaleza,Autorização da administradora do aeroporto e da equipe.,,a providenciar,
B04,"Balcões, equipe e atendimento","Balcão de Fortaleza à noite, com atendente e cliente","À noite, atendente e cliente com mala. Arquivo: balcao-asa-aeroporto-fortaleza-area-locadoras.jpg",Própria,,,"16:10, 4:5",/aluguel-de-carros/aeroporto-fortaleza /frota/automatico,"Balcão da Asa Rent a Car na Área de Locadoras do Terminal de Desembarque do Aeroporto de Fortaleza, à noite",Mostra o atendimento 24h.,,a providenciar,
B05,"Balcões, equipe e atendimento",Entrega da chave no balcão,Atendente da Asa entrega a chave ao cliente no balcão.,Própria,,,"16:10, 4:5",/ /ofertas /ofertas/primeira-locacao,Atendente da Asa entrega a chave do carro ao cliente no balcão,Autorização do colaborador e do cliente.,,a providenciar,
B06,"Balcões, equipe e atendimento",Atendimento a um cliente no balcão,Atendente recebe um cliente; serve à página de Acessibilidade.,Própria,,,4:3,/acessibilidade,Atendente da Asa recebe um cliente no balcão do aeroporto,"Se houver atendimento a uma pessoa com deficiência, só com autorização expressa.",,a providenciar,
B07,"Balcões, equipe e atendimento",Cartão de crédito físico na maquininha,"Mão entregando o cartão físico na maquininha do balcão, sem dados legíveis.",Banco possível (versão genérica),Adobe Stock,credit card payment terminal hand,4:5,/caucao-e-requisitos,Cliente entrega o cartão de crédito físico no balcão da Asa,"Versão genérica serve, se a maquininha não tiver marca de concorrente.",,a providenciar,
B08,"Balcões, equipe e atendimento",Cliente com o celular no aeroporto,Cliente fazendo o pré-cadastro pelo celular no saguão ou no balcão.,Banco possível (versão genérica),Adobe Stock,man using smartphone airport arrivals,4:3,/checkin-express,Cliente fazendo o pré-cadastro da Asa pelo celular no aeroporto,Versão genérica serve se o aeroporto não for identificável.,,a providenciar,
B09,"Balcões, equipe e atendimento",Equipe uniformizada no balcão,"Equipe no balcão do desembarque, olhando para a câmera.",Própria,,,"4:3, 4:5",/quem-somos /relacoes-com-investidores,Equipe da Asa Rent a Car no balcão do aeroporto,Autorização de toda a equipe (J8).,,a providenciar,
B10,"Balcões, equipe e atendimento",Retrato de Sandro (Recife),"Retrato no balcão, luz natural, vertical.",Própria,,,4:5 (vertical),/quem-somos,"Sandro, da Asa, no Aeroporto do Recife","Só com a autorização (J8, A1).",,a providenciar,
B11,"Balcões, equipe e atendimento",Retrato de Saulo Viana (Fortaleza),"Retrato no balcão, luz natural, vertical.",Própria,,,4:5 (vertical),/quem-somos,"Saulo Viana, da Asa, no Aeroporto de Fortaleza","Só com a autorização (J8, A1).",,a providenciar,
B12,"Balcões, equipe e atendimento",Retrato de Robson (Fortaleza),"Retrato no balcão, luz natural, vertical.",Própria,,,4:5 (vertical),/quem-somos,"Robson, da Asa, no Aeroporto de Fortaleza","Só com a autorização (J8, A1).",,a providenciar,
B13,"Balcões, equipe e atendimento","Desembarque do Aeroporto do Recife, Portão A5",O saguão do desembarque com o Portão A5.,Própria,,,definida pelo layout,/quem-somos,Viajante saindo do desembarque do Aeroporto do Recife em direção ao balcão da Asa,Autorização da administradora do aeroporto.,,a providenciar,
B14,"Balcões, equipe e atendimento",Painel de chegadas do Aeroporto do Recife,Foto real do painel de chegadas no saguão.,Própria,,,4:3,/diaria-27-horas,Painel de chegadas no saguão do Aeroporto do Recife,A página pede a foto real; uma genérica de outro aeroporto não serve.,,a providenciar,
B15,"Balcões, equipe e atendimento",Família com malas saindo do desembarque,Família com malas saindo do desembarque.,Banco possível (versão genérica),Adobe Stock,family suitcases airport arrivals Brazil,16:10,/frota/sedan,Família com malas no desembarque do Aeroporto do Recife,Genérica serve se o aeroporto não for identificável.,,a providenciar,
C01,Carro da frota na estrada,Carro da frota em ladeira de Olinda,"Carro branco da frota estacionado em ladeira colorida de Olinda, sem foliões identificáveis.",Própria,,,16:10,/ofertas/carnaval,Carro branco estacionado em ladeira colorida de Olinda,Carnaval.,,a providenciar,
C02,Carro da frota na estrada,"SUV ou carro da frota em estrada à beira-mar, litoral de PE","Tracker branco (ou Onix Plus) na estrada à beira-mar, mar ao fundo, luz do dia.",Própria,,,"16:10, 16:9",/ofertas/carnaval /ofertas /ofertas/reveillon,Chevrolet Onix Plus na orla do Recife,"Uma produção atende Ofertas, Réveillon e Carnaval.",,a providenciar,
C03,Carro da frota na estrada,Carro da frota em estrada costeira ao entardecer,"Pôr do sol, estrada à beira-mar; Commander numa das versões. Sem fogos ou marca de evento.",Própria,,,"16:10, 16:9, 4:3",/ofertas /ofertas/reveillon,Carro da Asa em estrada à beira-mar no litoral nordestino ao pôr do sol,Réveillon e Ofertas.,,a providenciar,
C04,Carro da frota na estrada,"Carro da Asa na estrada do litoral, entre coqueiros",Estrada asfaltada do litoral sul entre coqueiros.,Própria,,,definida pelo layout,/blog /blog/qual-carro-alugar-para-ir-a-porto-de-galinhas,"Carro numa estrada do litoral nordestino, entre coqueiros",Capa do blog e do artigo de Porto de Galinhas.,,a providenciar,
C05,Carro da frota na estrada,SUV em estrada asfaltada a caminho do litoral sul de PE,"Estrada asfaltada (PE-060 ou Rota do Atlântico), dia claro; uma versão ""estrada para a praia em dezembro"".",Própria,,,16:10,/frota/suv /ofertas/carnaval /ofertas/reveillon,SUV em estrada asfaltada a caminho do litoral sul de Pernambuco,,,a providenciar,
C06,Carro da frota na estrada,"SUV na BR-232, agreste de PE, fim de tarde","Rodovia do agreste ao entardecer, serra ao fundo, sem marca de festa junina.",Própria,,,"16:10, 16:9",/ofertas/sao-joao,SUV da Asa em rodovia do agreste de Pernambuco ao entardecer,São João.,,a providenciar,
C07,Carro da frota na estrada,Picape cabine dupla em estrada asfaltada do Nordeste,Toro ou S10 em estrada asfaltada.,Própria,,,16:10,/frota/picape,Picape cabine dupla em estrada asfaltada,Nada de areia (D12).,,a providenciar,
C08,Carro da frota na estrada,"Picape a caminho de Jijoca, no asfalto","Toro 4x4 na estrada asfaltada do litoral do Ceará, entre carnaubais.",Própria,,,16:9,/blog/404.html /blog /ofertas/reveillon,"Picape 4x4 na estrada asfaltada entre carnaubais, a caminho de Jijoca de Jericoacoara",Nunca na areia ou na duna (D12). Atende o blog e o Réveillon.,,a providenciar,
C09,Carro da frota na estrada,"Carro parado no acostamento, pisca-alerta e triângulo",Carro no acostamento com o pisca-alerta ligado e o triângulo atrás.,Banco possível (versão genérica),Adobe Stock,car hazard warning triangle roadside,4:5,/assistencia-24h,Carro parado no acostamento com o pisca-alerta ligado e o triângulo atrás,Genérica serve se a marca do carro não aparecer.,,a providenciar,
C10,Carro da frota na estrada,Família descarregando o carro no estacionamento,Família tirando malas e bolsas de praia do porta-malas.,Banco possível (versão genérica),Adobe Stock,family unloading car trunk beach,16:9,/blog,Família tirando as bolsas do porta-malas num estacionamento à beira-mar,Genérica serve se a marca do carro não aparecer.,,a providenciar,
C11,Carro da frota na estrada,"Estrada asfaltada entre carnaubais, rumo a Jericoacoara","Estrada asfaltada no litoral oeste do Ceará, sem carro em duna ou areia. Arquivo: aluguel-carro-jericoacoara-estrada-ce.jpg",Banco de imagens,Não achamos no Adobe Stock: Pulsar Imagens ou fotógrafo local,carnaubal estrada Ceará,4:5,/aluguel-de-carros/jericoacoara,"Estrada asfaltada entre carnaubais no litoral oeste do Ceará, a caminho de Jericoacoara",Pode sair na mesma produção da C08.,,a providenciar,
L01,Destinos: Pernambuco,Família nas piscinas naturais de Porto de Galinhas,Família com crianças nas piscinas naturais.,Banco de imagens,Adobe Stock,family natural pools Porto de Galinhas,16:10,/frota/7-lugares,Família com crianças nas piscinas naturais de Porto de Galinhas,Exige autorização de modelo (model release) no banco.,,a providenciar,
L02,Destinos: Pernambuco,Piscinas naturais de Porto de Galinhas na maré baixa,"Água rasa e clara, jangadas.",Banco de imagens,Adobe Stock (encontrada na busca de 02/10),Porto de Galinhas natural pools,"16:10, 16:9, 4:3",/aluguel-de-carros/aeroporto-recife /aluguel-de-carros/recife /blog /blog/qual-carro-alugar-para-ir-a-porto-de-galinhas /frota/automatico /frota/hatch-economico /,Piscinas naturais de Porto de Galinhas na maré baixa,"Uma das imagens mais usadas do site (home, praças, frota, blog).",,a providenciar,
L03,Destinos: Pernambuco,Praia de Porto de Galinhas no fim da tarde,,Banco de imagens,Adobe Stock (encontrada na busca de 02/10),Porto de Galinhas beach sunset,4:3,/ofertas/reveillon,Praia de Porto de Galinhas no fim da tarde,,,a providenciar,
L04,Destinos: Pernambuco,Pontal de Maracaípe,Coqueiros e o rio encontrando o mar.,Banco de imagens,Não achamos no Adobe Stock: Pulsar Imagens ou fotógrafo local,Pontal de Maracaípe,16:10,/aluguel-de-carros/porto-de-galinhas,Pontal de Maracaípe com coqueiros e rio encontrando o mar,Cabe na produção do litoral sul.,,a providenciar,
L05,Destinos: Pernambuco,Praia de Muro Alto,Mar calmo e arrecifes.,Banco de imagens,Não achamos no Adobe Stock: Pulsar Imagens ou fotógrafo local,Muro Alto Ipojuca,16:10,/aluguel-de-carros/porto-de-galinhas,Mar calmo de Muro Alto protegido pelos arrecifes,Cabe na produção do litoral sul.,,a providenciar,
L06,Destinos: Pernambuco,Praia dos Carneiros e a igrejinha de São Benedito,A igrejinha na areia e a praia; uma vista do alto.,Banco de imagens,Adobe Stock (encontrada na busca de 02/10),Carneiros Tamandaré,"16:10, 16:9",/aluguel-de-carros/porto-de-galinhas /blog /blog/qual-carro-alugar-para-ir-a-porto-de-galinhas,Igrejinha de São Benedito à beira-mar na Praia dos Carneiros,,,a providenciar,
L07,Destinos: Pernambuco,"Enseada de Calhetas, Cabo de Santo Agostinho",,Banco de imagens,Não achamos no Adobe Stock: Pulsar Imagens ou fotógrafo local,Calhetas Cabo de Santo Agostinho,16:10,/aluguel-de-carros/recife,"Enseada da praia de Calhetas, no Cabo de Santo Agostinho",Cabe na produção do litoral sul.,,a providenciar,
L08,Destinos: Pernambuco,"Orla de Boa Viagem, Recife",Prédios e coqueiros.,Banco de imagens,Adobe Stock (encontrada na busca de 02/10),Boa Viagem beach Recife,definida pelo layout,/aluguel-de-carros/aeroporto-recife,Orla de Boa Viagem com prédios e coqueiros,,,a providenciar,
L09,Destinos: Pernambuco,Recife Antigo: Marco Zero e Rua do Bom Jesus,"Fim da tarde; casario colorido; se houver carro, estacionado de forma regular.",Banco de imagens,Adobe Stock (encontrada na busca de 02/10),Marco Zero Recife Antigo,"16:10, 16:9, 4:5",/aluguel-de-carros/olinda /aluguel-de-carros/recife /blog/404.html /blog /blog/qual-carro-alugar-para-ir-a-porto-de-galinhas,"Rua do Bom Jesus, no Recife Antigo, com casarios coloridos",Poucas opções no banco (2 achadas); vale a produção própria.,,a providenciar,
L10,Destinos: Pernambuco,Sítio Histórico de Olinda visto do Alto da Sé,Casario e igrejas com os prédios do Recife ao fundo. Arquivo: aluguel-carro-olinda-sitio-historico.jpg,Banco de imagens,Adobe Stock (encontrada na busca de 02/10),Olinda Alto da Sé aerial,4:5,/aluguel-de-carros/aeroporto-recife /aluguel-de-carros/olinda /,Casario colorido e igrejas do sítio histórico de Olinda,,,a providenciar,
L11,Destinos: Pernambuco,Ladeira do sítio histórico de Olinda,Ladeira com casario colorido.,Banco de imagens,Adobe Stock,Olinda colorful houses street,16:10,/aluguel-de-carros/recife /frota/hatch-economico,Ladeira do sítio histórico de Olinda com casario colorido,,,a providenciar,
L12,Destinos: Pernambuco,"Mirante do Alto da Sé, Olinda",A vista do Recife a partir do Alto da Sé.,Banco de imagens,Adobe Stock,Alto da Sé Olinda view,16:10,/aluguel-de-carros/olinda,"Mirante do Alto da Sé, em Olinda",,,a providenciar,
L13,Destinos: Pernambuco,"Praia do Janga, Paulista",,Banco de imagens,Não achamos no Adobe Stock: Pulsar Imagens ou fotógrafo local,Praia do Janga,16:10,/aluguel-de-carros/olinda,"Praia do Janga, ao norte de Olinda",,,a providenciar,
L14,Destinos: Pernambuco,"Forte Orange, Itamaracá",,Banco de imagens,Não achamos no Adobe Stock: Pulsar Imagens ou fotógrafo local,Forte Orange Itamaracá,16:10,/aluguel-de-carros/olinda,Forte Orange na Ilha de Itamaracá,,,a providenciar,
L15,Destinos: Pernambuco,Castelo do Instituto Ricardo Brennand,,Banco de imagens,Não achamos no Adobe Stock: Pulsar Imagens ou fotógrafo local,Instituto Ricardo Brennand,16:9,/blog,"Fachada do castelo do Instituto Ricardo Brennand, no Recife",Espaço privado: uso comercial da imagem pode pedir autorização do instituto.,,a providenciar,
L16,Destinos: Pernambuco,Estrada de serra a caminho de Gravatá,,Banco de imagens,Não achamos no Adobe Stock: Pulsar Imagens ou fotógrafo local,Gravatá serra estrada,16:9,/blog /blog/qual-carro-alugar-para-ir-a-porto-de-galinhas,Estrada em curva entre morros verdes a caminho de Gravatá,Pode sair na mesma produção da C06.,,a providenciar,
L17,Destinos: Alagoas,Piscinas naturais (galés) de Maragogi,"Vista do alto, mar azul-turquesa. Arquivo: aluguel-carro-maragogi-piscinas-naturais.jpg",Banco de imagens,Adobe Stock (encontrada na busca de 02/10),Maragogi natural pools aerial,16:10,/aluguel-de-carros/aeroporto-recife /aluguel-de-carros/maragogi /aluguel-de-carros/porto-de-galinhas /aluguel-de-carros/recife /frota/sedan /,Mar azul-turquesa e piscinas naturais de Maragogi,"Muito usada (home, praças, frota, destino).",,a providenciar,
L18,Destinos: Alagoas,"Praia de Antunes, Maragogi",,Banco de imagens,Não achamos no Adobe Stock: Pulsar Imagens ou fotógrafo local,Praia de Antunes Maragogi,16:10,/aluguel-de-carros/maragogi,Coqueiros e mar verde na Praia de Antunes,,,a providenciar,
L19,Destinos: Alagoas,São Miguel dos Milagres na maré baixa,,Banco de imagens,Adobe Stock (encontrada na busca de 02/10),São Miguel dos Milagres beach,16:10,/aluguel-de-carros/maragogi,Praia tranquila em São Miguel dos Milagres,,,a providenciar,
L20,Destinos: Ceará,Beira-Mar de Fortaleza no fim da tarde,"Calçadão, pôr do sol.",Banco de imagens,Adobe Stock (encontrada na busca de 02/10),Fortaleza Beira Mar,"16:10, 16:9, 4:5",/aluguel-de-carros/aeroporto-fortaleza /aluguel-de-carros/fortaleza /blog/404.html /blog /frota/hatch-economico,Calçadão da Avenida Beira-Mar de Fortaleza,Poucas opções no banco (3 achadas).,,a providenciar,
L21,Destinos: Ceará,Avenida de Fortaleza em dia útil,"Prédios comerciais, trânsito normal.",Banco de imagens,Adobe Stock,Fortaleza avenue business buildings,16:10,/frota/sedan,Avenida de Fortaleza com prédios comerciais,,,a providenciar,
L22,Destinos: Ceará,"Praia de Porto das Dunas, Aquiraz",,Banco de imagens,Não achamos no Adobe Stock: Pulsar Imagens ou fotógrafo local,Porto das Dunas Aquiraz,16:10,/aluguel-de-carros/aeroporto-fortaleza,"Praia de Porto das Dunas, em Aquiraz",,,a providenciar,
L23,Destinos: Ceará,Lagoa e dunas do Cumbuco,Lagoa com coqueiros; sem carro na areia.,Banco de imagens,Adobe Stock (encontrada na busca de 02/10),Cumbuco,"16:9, 4:3",/aluguel-de-carros/fortaleza /blog,"Lagoa e coqueiros no Cumbuco, litoral oeste do Ceará",,,a providenciar,
L24,Destinos: Ceará,Dunas e lagoa de Jericoacoara,Ao pôr do sol; sem carro na duna.,Banco de imagens,Adobe Stock (encontrada na busca de 02/10),Jericoacoara,"16:10, 4:3",/aluguel-de-carros/aeroporto-fortaleza / /ofertas/reveillon,Lagoa e dunas de Jericoacoara,Pessoas a pé ou de buggy credenciado; carro da frota nunca.,,a providenciar,
L25,Destinos: Ceará,"Falésias coloridas de Morro Branco, Beberibe",,Banco de imagens,Adobe Stock (encontrada na busca de 02/10),Morro Branco Beberibe,4:3,/aluguel-de-carros/fortaleza,"Falésias coloridas de Morro Branco, no litoral leste do Ceará",,,a providenciar,
L26,Destinos: Ceará,Falésias de Canoa Quebrada,,Banco de imagens,Adobe Stock (encontrada na busca de 02/10),Canoa Quebrada,16:9,/blog,Falésias avermelhadas sobre a praia de Canoa Quebrada,Poucas opções no banco (3 achadas).,,a providenciar,
L27,Destinos: Ceará,Praia do litoral cearense com falésias,Genérica do litoral leste do Ceará.,Banco de imagens,Adobe Stock,Ceará cliffs beach,16:10,/frota/7-lugares /frota/suv,Falésias e mar no litoral do Ceará,Pode ser a mesma de Morro Branco ou Canoa Quebrada.,,a providenciar,
L28,Destinos: Ceará,Estrada de serra com mata em Guaramiranga,,Banco de imagens,Não achamos no Adobe Stock: Pulsar Imagens ou fotógrafo local,Guaramiranga,"16:9, 4:3",/aluguel-de-carros/fortaleza /blog,Mata e estrada de serra em Guaramiranga,,,a providenciar,
